COD,PARTICIPACION (20%)
20205284,20
20176896,20
20205285,20
20205286,20
20205287,20
20205279,20
20205281,20
20205288,20
20165935,20
20205277,20
20165936,20
20205289,20
20205290,20
20205291,20
20205292,20
20205293,20
20165938,20
20176901,20
20205283,20
20205294,20
20205295,20
20205296,20
20205275,20
20205274,20
20205297,20
20205298,20
20205299,20
20205300,20
20205309,20
20186307,20
20205301,20
20205282,20
20205310,20
20176930,20
20205278,20
20205302,20
19926085,20
20205312,20
20165949,20
20205280,20
20186311,20
20165950,20
20205276,20
20205303,20
20205304,20
20205305,20
20205306,20
20205313,20
20205311,20
20176934,20
20205307,20
20205308,20